graphID,label,weight,GapW-M,averageDegree,density,avergaeTrianglesRate,ratioOfNodesInTriangles,GCC,ACC
amazon,1,0.038694639,0.083,5.529855493,1.65E-05,1.99224459,0.791631204,0.205224449,0.396746393
dblp,1,0.410014514,0.565,6.622089063,2.09E-05,7.01521698,0.848937177,0.306376613,0.632430828
